{"table":{"type":"table","posX":0.0,"posY":0.0,"posZ":0.0,"angleRotation":0.0,"facteurEchelle":1.0,"noeudsEnfants":[{"type":"depart","posX":0.0,"posY":0.0,"posZ":0.0,"angleRotation":0.0,"facteurEchelle":1.0},{"type":"mur","posX":16.099999301265954,"posY":-6.700000253338375,"posZ":0.0,"angleRotation":250.55996663217077,"facteurEchelle":14.422205517445958},{"type":"mur","posX":3.699999839421362,"posY":22.60000085454437,"posZ":0.0,"angleRotation":90.0,"facteurEchelle":0.20000000756234116}]}}